contributor_id,contributor_first_names,contributor_last_names,contributor_email
1,Alice,Anderson,alice@example.com
2,Bob,Baker,bob@example.com
3,Carol,Clark,carol@example.com
4,David,Doe,david@example.com
5,Eva,Edwards,eva@example.com
6,Frank,Fisher,frank@example.com
7,Grace,Green,grace@example.com
8,Hank,Hughes,hank@example.com
9,Ivy,Irwin,ivy@example.com
10,Jack,Johnson,jack@example.com
